{
    "continent": {
        "code": "NA",
        "geoname_id": 6255149,
        "names": {
            "pt-BR": "América do Norte",
            "ru": "Северная Америка",
            "zh-CN": "北美洲",
            "de": "Nordamerika",
            "en": "North America",
            "es": "Norteamérica",
            "fr": "Amérique du Nord",
            "ja": "北アメリカ"
        }
    },
    "country": {
        "iso_code": "US",
        "geoname_id": 6252001,
        "names": {
            "ru": "США",
            "zh-CN": "美国",
            "de": "USA",
            "en": "United States",
            "es": "Estados Unidos",
            "fr": "États-Unis",
            "ja": "アメリカ合衆国",
            "pt-BR": "Estados Unidos"
        }
    },
    "maxmind": {
        "queries_remaining": 1995759
    },
    "registered_country": {
        "iso_code": "US",
        "geoname_id": 6252001,
        "names": {
            "de": "USA",
            "en": "United States",
            "es": "Estados Unidos",
            "fr": "États-Unis",
            "ja": "アメリカ合衆国",
            "pt-BR": "Estados Unidos",
            "ru": "США",
            "zh-CN": "美国"
        }
    },
    "traits": {
        "ip_address": "209.221.240.193"
    }
}