{
    "httpStatus": "OK",
    "data": {
      "items": [
        {
          "storeId": "5b2ceb2fdf6e230011651fdf",
          "parentStoreId": null,
          "storeType": "WORKSHOP",
          "displayName": "Bosch AA Workshops",
          "storeLocation": {
            "country": "Germany",
            "addressLine1": "see branch stores",
            "addressLine2": "",
            "city": "Stuttgart",
            "state": "Baden-Württemberg",
            "zipcode": "70442 ",
            "email": null,
            "webAddress": null,
            "base64Image": null,
            "officePhoneCountryCode": "0",
            "officePhoneNumber": "0",
            "officePhoneExtension": "1111",
            "mobilePhoneCountryCode": "0",
            "mobilePhoneNumber": "0",
            "storeLocation": {
              "x": 78.1140983,
              "y": 9.9261153
            }
          },
          "storeProductMappings": null,
          "serviceArea": "COUNTRY",
          "restrictValue": "0",
          "createdBy": "S-1-5-21-1937855695-3964793637-879644401-9709",
          "createdDateTime": 1529670447337,
          "updatedBy": null,
          "updatedDateTime": null,
          "serviceCategory": null,
          "serviceProductMappings": null,
          "rating": {
            "averageRating": 4,
            "numOfRatings": 216
          },
          "storeTags": null,
          "customAttributes": null,
          "distanceInMiles": null,
          "distanceInKilometers": null,
          "distanceInMeters": null,
          "businessHours": null,
          "businessDays": null,
          "dealer": false,
          "serviceCompany": false
        },
        {
          "storeId": "5b2ceba9df6e230011651fe2",
          "parentStoreId": "5b2ceb2fdf6e230011651fdf",
          "storeType": "WORKSHOP",
          "displayName": "Michalak und Schotte GmbH",
          "storeLocation": {
            "country": "Germany",
            "addressLine1": "Wittestraße 18",
            "addressLine2": "",
            "city": "Berlin",
            "state": "Berlin",
            "zipcode": "13509",
            "email": null,
            "webAddress": null,
            "base64Image": null,
            "officePhoneCountryCode": "0",
            "officePhoneNumber": "0",
            "officePhoneExtension": "1111",
            "mobilePhoneCountryCode": "0",
            "mobilePhoneNumber": "0",
            "storeLocation": {
              "x": 13.305218,
              "y": 52.57798
            }
          },
          "storeProductMappings": null,
          "serviceArea": "COUNTRY",
          "restrictValue": "0",
          "createdBy": "S-1-5-21-1937855695-3964793637-879644401-9709",
          "createdDateTime": 1529670569846,
          "updatedBy": null,
          "updatedDateTime": null,
          "serviceCategory": null,
          "serviceProductMappings": null,
          "rating": null,
          "storeTags": null,
          "customAttributes": null,
          "distanceInMiles": null,
          "distanceInKilometers": null,
          "distanceInMeters": null,
          "businessHours": null,
          "businessDays": null,
          "dealer": false,
          "serviceCompany": false
        },
        {
          "storeId": "5b2ceba9df6e230011651fe4",
          "parentStoreId": "5b2ceb2fdf6e230011651fdf",
          "storeType": "WORKSHOP",
          "displayName": "Bosch Car Service Berlin G. Holtz & Co. Auto-Elektrik",
          "storeLocation": {
            "country": "Germany",
            "addressLine1": "Dovestr. 7",
            "addressLine2": "",
            "city": "Berlin",
            "state": "Berlin",
            "zipcode": "10587",
            "email": null,
            "webAddress": null,
            "base64Image": null,
            "officePhoneCountryCode": "0",
            "officePhoneNumber": "0",
            "officePhoneExtension": "1111",
            "mobilePhoneCountryCode": "0",
            "mobilePhoneNumber": "0",
            "storeLocation": {
              "x": 13.320225,
              "y": 52.520645
            }
          },
          "storeProductMappings": null,
          "serviceArea": "COUNTRY",
          "restrictValue": "0",
          "createdBy": "S-1-5-21-1937855695-3964793637-879644401-9709",
          "createdDateTime": 1529670569901,
          "updatedBy": null,
          "updatedDateTime": null,
          "serviceCategory": null,
          "serviceProductMappings": null,
          "rating": null,
          "storeTags": null,
          "customAttributes": null,
          "distanceInMiles": null,
          "distanceInKilometers": null,
          "distanceInMeters": null,
          "businessHours": null,
          "businessDays": null,
          "dealer": false,
          "serviceCompany": false
        }
      ],
      "results": 1607
    }
  }